Question,Answer
How can individuals benefit from consuming more whole grains for donation?,"Whole grains provide sustained energy and fiber, supporting overall health and successful blood donation."
"In what ways can blood transfusion approaches be reshaped to give precedence to the utilization of red blood cells (RBCs), platelets, and other blood components?","Blood transfusion approaches can undergo redefinition to prioritize the utilization of RBCs, platelets, and other blood components, considering patient requirements, clinical indications, and the availability of supply, thereby ensuring targeted and efficient transfusion therapy."
How can individuals benefit from consuming more whole grains for donation?,"Whole grains provide sustained energy, fiber, and essential nutrients that support overall health and successful blood donation."
How can partnerships with educational institutions and youth organizations support blood donation initiatives through peer education and youth-led campaigns in Ethiopia?,"Partnerships with educational institutions and youth organizations can empower young people to become advocates for blood donation through peer education, awareness campaigns, and volunteer opportunities, leveraging their influence to inspire peers and drive participation."
What strategies can blood donation centers use to encourage regular donation among existing donors?,"Blood donation centers can encourage regular donation among existing donors by implementing loyalty programs or incentives for repeat donations, providing personalized communication and recognition for donor milestones, offering convenient scheduling options and reminder notifications, and fostering a sense of community and camaraderie among donors."
"Question 44 What impact does donor education and empowerment have on donor recruitment, retention, and satisfaction?","Providing comprehensive information, transparent communication, and opportunities for involvement and feedback can empower donors, enhance their understanding of the donation process, and foster a sense of ownership and commitment to blood donation initiatives."
How do blood donation centers collaborate with international organizations and global health initiatives to address blood supply challenges and respond to emergencies or crises?,"Blood donation centers collaborate with international organizations and global health initiatives to address blood supply challenges and respond to emergencies or crises by participating in coordinated donation efforts, sharing resources and expertise, and mobilizing support and donations from the international community to meet critical needs and support affected populations."
What role do partnerships with local organizations play in enhancing blood donation campaigns?,"Partnerships with local organizations enhance blood donation campaigns by providing resources, expanding networks, and engaging the community in promotional efforts."
What is the role of research in advancing automated blood collection practices?,"Research plays a vital role in advancing automated blood collection practices by studying new technologies, protocols, and safety measures. This helps improve the efficiency and effectiveness of blood donation processes."
"How do blood donation programs engage with healthcare providers, medical professionals, and clinical institutions to ensure collaboration, coordination, and integration of blood transfusion services within broader healthcare systems?","Blood donation programs engage with healthcare providers, medical professionals, and clinical institutions to ensure collaboration, coordination, and integration of blood transfusion services within broader healthcare systems by fostering partnerships, communication, and shared decision-making among stakeholders, providing training and education on transfusion medicine practices, guidelines, and protocols, facilitating access to blood products and transfusion support for patient care, and promoting evidence-based practices, quality improvement initiatives, and interdisciplinary collaboration to optimize transfusion outcomes and patient safety across healthcare settings and specialties."
"What strategies are employed to promote blood donation among young adults, college students, and first-time donors, and how do these efforts contribute to cultivating a lifelong culture of donation?","Strategies to promote blood donation among young adults, college students, and first-time donors may include targeted outreach campaigns, social media engagement, campus-based donation events, peer-to-peer recruitment initiatives, and educational programs that raise awareness about donation needs, debunk myths, and highlight the importance of donation in saving lives and supporting healthcare services, with these efforts contributing to cultivating a lifelong culture of donation by instilling values of altruism, community engagement, and civic responsibility, fostering positive attitudes and behaviors towards donation, and establishing lifelong habits of giving back and making a difference in the lives of others through regular donation participation and advocacy."
How can blood donation centers leverage donor preferences and feedback to tailor appointment scheduling processes?,"Blood donation centers can leverage donor preferences and feedback by offering flexible scheduling options, personalized communication channels, and opportunities for donors to provide input on their appointment experiences. By incorporating donor insights into scheduling practices, centers can enhance satisfaction and encourage continued engagement."
"How do blood donation organizations leverage social media platforms, online influencers, and digital marketing campaigns to raise awareness about blood donation, engage with younger audiences, and inspire action?","Blood donation organizations leverage social media platforms by sharing educational content, success stories, and donation opportunities, engaging with online influencers to amplify their message, and running targeted digital marketing campaigns to reach younger audiences. By leveraging digital channels, they raise awareness about blood donation and inspire action among diverse demographics."
What strategies can be employed to increase donor turnout at blood drives?,"Strategies such as targeted marketing, community partnerships, and convenient scheduling can help increase donor turnout at blood drives."
"How do blood drive hosts collaborate with local breweries, wineries, or distilleries to organize donation-themed tasting events, fundraisers, or social gatherings that bring people together, raise funds for donation-related expenses, and promote responsible drinking alongside responsible giving?","Blood drive hosts collaborate with local breweries, wineries, or distilleries by partnering on donation-themed tasting events, fundraisers, or social gatherings that bring people together, raise funds for donation-related expenses, and promote responsible drinking alongside responsible giving, creating opportunities for socializing, networking, and supporting a worthy cause while enjoying quality beverages and contributing to the success of donation initiatives within the community."
How can a balanced diet help individuals prepare for blood donation?,"A balanced diet provides essential nutrients such as iron, folate, vitamin B12, and vitamin C, which support healthy red blood cells and overall blood health."
How can universities collaborate with local media outlets to raise awareness about blood donation campaigns and amplify their reach in the community?,"Universities can collaborate with local media outlets by issuing press releases, organizing interviews, or hosting public events to raise awareness about blood donation campaigns and amplify their reach in the community."
How can partnerships with local businesses enhance blood donation campaigns?,"Partnerships with local businesses can enhance blood donation campaigns by providing resources such as locations for drives, offering incentives to employees and customers, and leveraging business networks to promote donation events."
How do blood donation facilitation programs collaborate with schools and universities to educate students about the importance of blood donation and encourage them to become lifelong donors?,"Blood donation facilitation programs collaborate with schools and universities by offering educational workshops, hosting donation drives on campus, and providing opportunities for student involvement in donation initiatives. By integrating donation awareness into curriculum and extracurricular activities, programs instill a sense of social responsibility and civic engagement in students, empowering them to make a positive impact through blood donation now and in the future."
What role can community-based health fairs and wellness events play in prioritizing blood donation as a preventive healthcare measure and encouraging regular donor participation?,"Community-based health fairs and wellness events can provide opportunities for blood donation centers to engage with attendees, offer onsite donation services and education, and promote blood donation as an essential component of preventive healthcare and overall well-being."
What measures can be implemented to address the shortage of blood collection equipment and supplies in Tanzania?,"Measures may include securing funding for equipment procurement, establishing supply chain partnerships with manufacturers, and exploring alternative sourcing options to address shortages of blood collection equipment and supplies."
How do appointment scheduling systems leverage machine learning algorithms to optimize donation center operations and donor engagement?,"Appointment scheduling systems leverage machine learning algorithms to analyze donor behavior, predict appointment demand, and optimize scheduling algorithms, enabling proactive resource allocation, personalized donor communication, and continuous improvement of scheduling processes."
"How do donor recruitment strategies adapt to emerging public health challenges, such as pandemics, natural disasters, or infectious disease outbreaks, and what role does donor mobilization play in addressing critical blood supply needs during crises?","Donor recruitment strategies adapt to emerging public health challenges, such as pandemics, natural disasters, or infectious disease outbreaks, by prioritizing donor mobilization, communication, and engagement efforts to respond to urgent blood supply needs, implementing targeted campaigns, messaging, and incentives to encourage donation participation, and leveraging digital technologies, social media, and community networks to reach donors and raise awareness about donation opportunities, with donor mobilization playing a critical role in addressing critical blood supply needs during crises by rapidly mobilizing donors, organizing donation drives, and coordinating distribution of blood products to healthcare facilities and patients in need, thereby ensuring timely access to lifesaving transfusions and supporting healthcare response efforts to mitigate the impact of emergencies and disasters on public health and safety."
What role can corporate partnerships and workplace blood donation drives play in supporting blood donation centers and increasing donation rates?,"Corporate partnerships can involve hosting onsite blood drives, promoting employee volunteering and donation matching programs, sponsoring community outreach events, and providing logistical support and resources to blood donation centers, fostering a culture of giving and social responsibility within the corporate sector."
How can automated blood collection contribute to the development of advanced transfusion therapies?,Automated blood collection contributes to the development of advanced transfusion therapies by providing high-quality blood components for research and testing. This can lead to new treatments and protocols.
What strategies can be implemented to prioritize the recruitment of donors from faith-based communities and address religious beliefs or concerns related to blood donation?,"Strategies may include engaging with religious leaders and clergy to dispel myths and misconceptions, providing religious accommodations and support for donors, and incorporating donation messaging into religious teachings and practices to promote donation as an act of compassion and altruism."
"How do blood drive hosts collaborate with schools, colleges, or universities to implement educational programs, curriculum initiatives, or extracurricular activities that promote blood donation awareness, recruit student donors, and instill a culture of giving back to the community?","Blood drive hosts collaborate with schools, colleges, or universities by partnering with educators, student organizations, or campus health services to implement educational programs, curriculum initiatives, or extracurricular activities that promote blood donation awareness, recruit student donors, and instill a culture of giving back to the community among the next generation of donors and leaders."
What role do social media influencers and online communities play in promoting blood donation awareness and encouraging donation participation among younger demographics?,"Social media influencers and online communities play a significant role in promoting blood donation awareness and encouraging donation participation among younger demographics by leveraging their online platforms, followers, and influence to raise awareness about donation needs, share personal stories and experiences related to donation, and inspire their peers to get involved in donation activities. These influencers and communities help amplify donation messages, normalize donation behaviors, and mobilize support for blood donation initiatives among younger audiences who are active on social media and digital platforms."
"How do blood donation programs cater to the distinctive requirements and anxieties of pediatric donors, encompassing infants, children, and adolescents, and ensure their safety, ease, and welfare during donation procedures?","Blood donation programs cater to the specific needs and concerns of pediatric donors by implementing age-appropriate protocols, equipment, and techniques for blood collection, ensuring donor safety, comfort, and well-being during donation procedures. They create child-friendly environments, offer distractions, and provide support services to alleviate anxiety and discomfort. Additionally, they deliver comprehensive education, guidance, and supervision to donors and their caregivers to prepare for and recover from donation experiences. Specialized programs, materials, and staff training address the unique physiological, emotional, and developmental aspects of pediatric donation, prioritizing the safety, dignity, and positive experiences of young donors at every stage of the donation process."
What role does innovation in blood storage and transportation technology play in ensuring the quality and safety of blood products?,"Innovations such as temperature monitoring devices, RFID tracking systems, and improved packaging materials enhance the integrity of blood products during storage and transportation, reducing the risk of contamination or spoilage."
