test_question,best_matched_question,similarity_score,confidence_level,response_type,final_response
"How can targeted marketing campaigns be used to reach specific donor demographics, such as young adults, seniors, or minority groups?",What are the benefits of implementing targeted donation campaigns for specific blood types or rare blood donors to address critical blood supply needs?,0.8612287044525146,Moderate,Answer with Top-3 Suggestions,"I found a related answer that may help:

Targeted campaigns can increase donations for specific blood types, support patients with rare blood needs, reduce shortages, and ensure an adequate supply for medical emergencies.

You may also mean one of these related questions:
1. What are the benefits of implementing targeted donation campaigns for specific blood types or rare blood donors to address critical blood supply needs?
2. What are the key components of blood donor recruitment campaigns, and how do blood donation centers evaluate the effectiveness and impact of these campaigns?
3. What role do educational campaigns, public service announcements, and media partnerships play in raising awareness about the need for blood donation and mobilizing support for donation efforts?
"
"How can blood banks ensure ethical practices in automated blood collection, particularly in low-resource settings?",How can blood banks adapt automated blood collection practices for different donor populations?,0.8065409660339355,Moderate,Answer with Top-3 Suggestions,"I found a related answer that may help:

Blood banks can adapt automated blood collection practices for different donor populations by considering factors such as donor health, age, and preferences. Customized approaches can enhance the donation experience.

You may also mean one of these related questions:
1. How can blood banks adapt automated blood collection practices for different donor populations?
2. How can blood donation practices be made more inclusive and accessible to all members of the community?
3. How do appointment scheduling practices vary among different blood donation centers and regions?
"
What steps are taken to address potential biases or disparities in STI screening practices among different demographic groups or geographic regions?,How do national guidelines ensure the standardization and harmonization of STI screening practices across blood collection facilities?,0.8525329232215881,Moderate,Answer with Top-3 Suggestions,"I found a related answer that may help:

National guidelines establish standardized protocols, procedures, and performance criteria for STI screening, as well as requirements for equipment calibration, data management, and reporting to promote consistency and harmonization of practices across blood collection facilities.

You may also mean one of these related questions:
1. How do national guidelines ensure the standardization and harmonization of STI screening practices across blood collection facilities?
2. How can blood banks adapt automated blood collection practices for different donor populations?
3. How do appointment scheduling practices vary among different blood donation centers and regions?
"
"Question 70 What cultural sensitivities should be considered in blood donation campaigns in Ethiopia, and how can campaigns be tailored to respect local customs and traditions?",How can cultural sensitivity impact blood donation outreach efforts?,0.786144495010376,Moderate,Answer with Top-3 Suggestions,"I found a related answer that may help:

Cultural sensitivity can significantly impact blood donation outreach efforts by respecting local customs, using appropriate language and imagery, and involving community leaders in the outreach process. Understanding and addressing cultural beliefs helps build trust and encourage participation.

You may also mean one of these related questions:
1. How can cultural sensitivity impact blood donation outreach efforts?
2. What are the key considerations for implementing effective blood donation campaigns in multicultural communities, and how can programs ensure cultural sensitivity and inclusivity?
3. What should donors do if they experience adverse reactions during or after donating plasma and blood?
"
What role can celebrity endorsements and partnerships with influencers play in prioritizing blood donation as a social cause and increasing donor engagement?,What role can celebrity endorsements and influencer partnerships play in raising awareness about blood donation and inspiring public participation?,0.8352223634719849,Moderate,Answer with Top-3 Suggestions,"I found a related answer that may help:

Celebrity endorsements and influencer partnerships can attract attention to blood donation campaigns, reach new audiences, and leverage the influence and credibility of public figures to encourage donation and normalize the practice.

You may also mean one of these related questions:
1. What role can celebrity endorsements and influencer partnerships play in raising awareness about blood donation and inspiring public participation?
2. How do cultural influencers, social media personalities, and celebrity advocates contribute to raising awareness about blood donation, and how do blood donation organizations collaborate with them to amplify donation messages?
3. How does the program engage with youth influencers or ambassadors to amplify donation messaging and reach younger audiences?
"
How can individuals optimize their rest and recovery after donating whole blood?,How can individuals balance work and rest periods after donating whole blood?,0.8614324927330017,Moderate,Answer with Top-3 Suggestions,"I found a related answer that may help:

Balancing work and rest periods requires scheduling breaks and pacing activities based on energy levels. Prioritizing rest helps support recovery and maintain productivity.

You may also mean one of these related questions:
1. How can individuals balance work and rest periods after donating whole blood?
2. How can individuals optimize their recovery process during daily routines after donating blood?
3. How does donating blood contribute to better sleep patterns?
"
What role do philanthropic organizations and foundations play in supporting blood donation initiatives?,"What role can philanthropic foundations and charitable organizations play in prioritizing blood donation as a philanthropic cause and supporting donation efforts through funding, advocacy, and community engagement?",0.8259251713752747,Moderate,Answer with Top-3 Suggestions,"I found a related answer that may help:

Philanthropic foundations and charitable organizations can prioritize blood donation by funding donation awareness and education programs, advocating for policies that support donation initiatives, and engaging with communities to raise awareness and mobilize support for blood donation as a lifesaving and humanitarian cause.

You may also mean one of these related questions:
1. What role can philanthropic foundations and charitable organizations play in prioritizing blood donation as a philanthropic cause and supporting donation efforts through funding, advocacy, and community engagement?
2. What role do philanthropic foundations or charitable organizations play in providing funding, resources, or capacity-building support to enhance the effectiveness and sustainability of blood donation programs, especially in underserved or resource-limited settings?
3. What role do philanthropic foundations, corporate sponsors, and private donors play in supporting blood donation organizations, funding research initiatives, and investing in innovative solutions to improve blood safety and availability?
"
How does the program address the unique needs and preferences of youth donors from diverse cultural or religious backgrounds?,"How do appointment scheduling systems accommodate the needs of diverse donor populations, including first-time donors, repeat donors, and those with specific medical conditions?",0.848137378692627,Moderate,Answer with Top-3 Suggestions,"I found a related answer that may help:

Appointment scheduling systems accommodate the needs of diverse donor populations by offering tailored experiences and options based on donor status, preferences, and medical history. Customized scheduling pathways ensure that each donor receives appropriate guidance and support throughout the appointment process.

You may also mean one of these related questions:
1. How do appointment scheduling systems accommodate the needs of diverse donor populations, including first-time donors, repeat donors, and those with specific medical conditions?
2. Question 16 How can blood donor recruitment efforts be tailored to address the unique needs and preferences of diverse demographic groups, such as older adults and individuals with chronic illnesses?
3. What role does religious diversity play in shaping attitudes towards blood donation in Africa?
"
Can individuals with a history of recent surgery donate plasma and blood?,How can blood donation support patients undergoing surgery?,0.8425471186637878,Moderate,Answer with Top-3 Suggestions,"I found a related answer that may help:

Blood donation supports patients undergoing surgery by ensuring an adequate blood supply for transfusions and medical procedures. This availability can improve surgical outcomes and recovery.

You may also mean one of these related questions:
1. How can blood donation support patients undergoing surgery?
2. How do surgery and trauma contribute to the demand for blood transfusions in sub-Saharan Africa?
3. How does the postponement of elective surgeries and non-urgent medical procedures impact blood transfusion services?
"
What factors contribute to disparities in blood donation rates among different geographic regions?,Can individuals who have traveled to malaria-endemic regions donate plasma and blood?,0.8636006116867065,Moderate,Answer with Top-3 Suggestions,"I found a related answer that may help:

Donors who have traveled to malaria-endemic regions may be deferred from donating plasma and blood, depending on the duration and specific areas visited. This precaution helps prevent the transmission of malaria through the donated blood supply.

You may also mean one of these related questions:
1. Can individuals who have traveled to malaria-endemic regions donate plasma and blood?
2. How do regional disparities in healthcare infrastructure affect blood transfusion services in Africa during the pandemic?
3. Question 75 How do geographic disparities in healthcare infrastructure and access affect blood donation rates in Ethiopia, and what strategies can be implemented to address these disparities?
"
Were there specific guidelines or protocols for individuals interested in donating blood for transfusions?,"Are there specific instructions for donors to follow before donating blood, as outlined in the approved guidelines?",0.7906349897384644,Moderate,Answer with Top-3 Suggestions,"I found a related answer that may help:

Yes, the approved guidelines typically include instructions for donors to follow before donating blood, such as staying hydrated, eating a nutritious meal, and getting adequate rest.

You may also mean one of these related questions:
1. Are there specific instructions for donors to follow before donating blood, as outlined in the approved guidelines?
2. How are national guidelines on screening donated blood for STIs developed and updated?
3. What mechanisms are in place to monitor and evaluate compliance with the approved guidelines for blood donation?
"
"Question 85 How can the involvement of local celebrities, influencers, and opinion leaders amplify blood donation messages and mobilize support for donation initiatives in Ethiopia?",What role can local celebrities and influencers play in leveraging their platforms to raise awareness about blood donation and inspire action in Ethiopia?,0.8789291977882385,Moderate,Answer with Top-3 Suggestions,"I found a related answer that may help:

Local celebrities and influencers can use their influence and social media reach to amplify blood donation messages, share personal experiences, and encourage their followers to become donors, leveraging their popularity to drive engagement and behavior change.

You may also mean one of these related questions:
1. What role can local celebrities and influencers play in leveraging their platforms to raise awareness about blood donation and inspire action in Ethiopia?
2. What role can celebrities, influencers, and public figures play in raising awareness about blood donation, destigmatizing misconceptions, and inspiring their followers to become donors?
3. Question 17 What role can celebrities, influencers, and public figures play in raising awareness about the importance of blood donation and inspiring others to become donors?
"
"What strategies can blood donation organizations employ to engage with donors who may have concerns or questions about the safety and efficacy of blood products, and how do they provide transparent information and reassurance to address these concerns?",Question 31 What strategies can be implemented to ensure the equitable distribution of blood products across different regions within Africa?,0.8045371770858765,Moderate,Answer with Top-3 Suggestions,"I found a related answer that may help:

Developing robust distribution networks, implementing inventory management systems, and establishing emergency response protocols can help ensure timely access to blood products, regardless of geographical location.

You may also mean one of these related questions:
1. Question 31 What strategies can be implemented to ensure the equitable distribution of blood products across different regions within Africa?
2. What types of blood products can donors contribute to, besides whole blood donation?
3. How can the use of automated blood collection enhance the safety of blood products?
"
What are some of the public health benefits associated with promoting voluntary blood donation in Tanzania?,How can blood donation promote public health education?,0.8725292682647705,Moderate,Answer with Top-3 Suggestions,"I found a related answer that may help:

Blood donation promotes public health education by raising awareness of the importance of regular donations and the impact it has on saving lives. This knowledge can lead to a healthier population.

You may also mean one of these related questions:
1. How can blood donation promote public health education?
2. How do public health campaigns and advocacy efforts contribute to shaping public attitudes towards blood donation and promoting donation as a civic responsibility?
3. What role does public education play in dispelling myths and misconceptions about blood donation, particularly during public health crises such as pandemics?
"
What role does ABC play in ensuring a steady supply of platelets for patients?,How does ABC benefit blood banks?,0.8546512126922607,Moderate,Answer with Top-3 Suggestions,"I found a related answer that may help:

ABC benefits blood banks by allowing them to collect specific blood components according to current needs. This targeted approach optimizes the blood supply and ensures that the most needed components are available for patients requiring transfusions.

You may also mean one of these related questions:
1. How does ABC benefit blood banks?
2. What is automated blood collection (ABC)?
3. What are the potential advantages of using ABC over traditional blood donation methods?
"
What are some features included in blood donation applications using smartphones?,How do blood donation mobile applications assist in prioritizing areas for donation campaigns?,0.8168884515762329,Moderate,Answer with Top-3 Suggestions,"I found a related answer that may help:

Blood donation mobile applications provide insights into the types of donations received, such as whole blood versus apheresis collection, and the current methods used for blood donation. By analyzing these data, donation centers can identify areas with higher or lower donation rates, allowing them to prioritize efforts in areas with lower participation.

You may also mean one of these related questions:
1. How do blood donation mobile applications assist in prioritizing areas for donation campaigns?
2. What role can mobile applications play in enhancing the effectiveness of appointment reminders for blood donation appointments?
3. What innovative mobile applications and digital platforms exist to facilitate blood donation, donor registration, and appointment scheduling?
"
"What impact do donor-centered communication strategies, such as personalized thank-you messages or updates on donation impact, have on donor satisfaction and retention?","How do donor communication strategies, such as follow-up messages or newsletters, impact donor engagement and retention?",0.8263852000236511,Moderate,Answer with Top-3 Suggestions,"I found a related answer that may help:

Donor communication strategies, such as follow-up messages or newsletters, can impact donor engagement and retention by maintaining ongoing communication with donors, providing updates on donation impact, expressing gratitude for donors' contributions, and fostering a sense of connection and belonging within the donor community, which may increase donor satisfaction and loyalty over time.

You may also mean one of these related questions:
1. How do donor communication strategies, such as follow-up messages or newsletters, impact donor engagement and retention?
2. Question 81 How can culturally tailored communication strategies and community engagement approaches be utilized to overcome stigma and encourage blood donation among marginalized populations in Ethiopia?
3. How do appointment scheduling strategies contribute to the overall efficiency and effectiveness of blood donation centers?
"
What impact can automated blood collection have on emergency blood supply?,What is the current reliance status on emergency blood donations for immediate blood product provision after major incidents?,0.8629681468009949,Moderate,Answer with Top-3 Suggestions,"I found a related answer that may help:

There is no reliance on emergency blood donations; instead, blood product provision is based on optimizing supply from existing stock and forward planning of replacement donation.

You may also mean one of these related questions:
1. What is the current reliance status on emergency blood donations for immediate blood product provision after major incidents?
2. What is the current reliance status on emergency blood donations for immediate provision of blood products to casualties after an MCE?
3. How can automated blood collection contribute to emergency preparedness?
"
How can individuals benefit from increasing their intake of iron-rich foods for donation?,How can individuals benefit from consuming more water-rich foods for blood donation?,0.814544677734375,Moderate,Answer with Top-3 Suggestions,"I found a related answer that may help:

Water-rich foods such as fruits and vegetables help maintain proper hydration and support healthy blood volume for successful donation.

You may also mean one of these related questions:
1. How can individuals benefit from consuming more water-rich foods for blood donation?
2. How can individuals benefit from consuming more fiber-rich foods before blood donation?
3. What are some high-iron foods that can help maintain healthy blood levels for donation?
"
How do the approved guidelines address the recruitment and retention of blood donors to maintain an adequate and safe blood supply?,What mechanisms are in place to monitor and evaluate compliance with the approved guidelines for blood donation?,0.8673408627510071,Moderate,Answer with Top-3 Suggestions,"I found a related answer that may help:

The approved guidelines incorporate monitoring and evaluation mechanisms, including audits, inspections, quality assessments, and feedback loops, to ensure adherence to established standards and continuous improvement in blood donation practices.

You may also mean one of these related questions:
1. What mechanisms are in place to monitor and evaluate compliance with the approved guidelines for blood donation?
2. How are national guidelines on screening donated blood for STIs developed and updated?
3. What are the eligibility criteria for donating blood according to the established guidelines?
"
"Question 50 What role can peer-to-peer advocacy and support networks play in encouraging blood donation among friends, family, and social circles?",How do peer-to-peer donation networks influence donation motivations and behaviors?,0.8727384805679321,Moderate,Answer with Top-3 Suggestions,"I found a related answer that may help:

Peer-to-peer donation networks can influence donation motivations and behaviors by leveraging social connections, personal relationships, and shared experiences to encourage donation participation, normalize donation behaviors, and provide emotional support and encouragement to donors through peer influence and social reinforcement.

You may also mean one of these related questions:
1. How do peer-to-peer donation networks influence donation motivations and behaviors?
2. What role do peer support networks, such as online forums or support groups, play in providing emotional encouragement and guidance to donors?
3. What role can volunteer networks and community ambassadors play in promoting blood donation awareness, organizing donation events, and recruiting new donors?
"
How does donating blood contribute to a sense of personal accomplishment?,How can blood donation foster a sense of achievement?,0.7872353792190552,Moderate,Answer with Top-3 Suggestions,"I found a related answer that may help:

Blood donation fosters a sense of achievement by enabling individuals to make a tangible difference in the lives of others. Knowing their contribution is impactful can boost self-esteem and a sense of purpose.

You may also mean one of these related questions:
1. How can blood donation foster a sense of achievement?
2. What criteria were used to assess the success of blood transfusions in treating Ebola hemorrhagic fever?
3. What were the primary objectives of utilizing blood transfusions in treating Ebola hemorrhagic fever?
"
How can blood banks address concerns about privacy and data security in automated blood collection?,How do appointment scheduling systems address donor concerns about privacy and confidentiality during the booking process?,0.8663476705551147,Moderate,Answer with Top-3 Suggestions,"I found a related answer that may help:

Appointment scheduling systems address donor concerns about privacy and confidentiality by implementing secure authentication protocols, encrypting sensitive data, and providing clear privacy policies. Protecting donor information throughout the scheduling process builds trust and confidence in the system.

You may also mean one of these related questions:
1. How do appointment scheduling systems address donor concerns about privacy and confidentiality during the booking process?
2. Are there any privacy concerns associated with sending appointment reminder messages to blood donors, and how can they be addressed?
3. How are donor confidentiality and privacy maintained during the screening process?
"
Can appointment reminder messages be used to promote awareness of upcoming blood donation events or campaigns?,"How do appointment scheduling systems facilitate the coordination of blood donation events, such as mobile drives or community outreach campaigns?",0.7817654609680176,Moderate,Answer with Top-3 Suggestions,"I found a related answer that may help:

Appointment scheduling systems facilitate the coordination of blood donation events by providing centralized event management features, real-time visibility into scheduling availability, and automated communications with donors and event organizers, streamlining logistics and enhancing coordination efforts.

You may also mean one of these related questions:
1. How do appointment scheduling systems facilitate the coordination of blood donation events, such as mobile drives or community outreach campaigns?
2. What role can virtual donation events and online campaigns play in prioritizing donation awareness and engagement, particularly in times of crisis or when in-person gatherings are limited?
3. Question 51 How can community-based blood donation events, such as blood drives hosted by local businesses or religious organizations, contribute to increasing donor participation?
"
"How are potential blood donors informed about the purpose, risks, and benefits of blood donation before consenting to the process, as per the approved guidelines?",What information is provided to donors about the purpose and benefits of blood donation?,0.8076670169830322,Moderate,Answer with Top-3 Suggestions,"I found a related answer that may help:

Donors are provided with information about the purpose and benefits of blood donation, including its potential to save lives, support medical treatments, and contribute to community health and wellbeing.

You may also mean one of these related questions:
1. What information is provided to donors about the purpose and benefits of blood donation?
2. How does blood donation create a sense of purpose?
3. What is the primary purpose of screening donated blood for transfusion-transmissible infections?
"
How can blood banks ensure that automated blood collection protocols are patient-centered?,How do blood centers monitor and evaluate the effectiveness of their screening programs?,0.7899272441864014,Moderate,Answer with Top-3 Suggestions,"I found a related answer that may help:

Blood centers monitor and evaluate the effectiveness of their screening programs through ongoing surveillance of transfusion-transmissible infections, assessment of donor deferral rates, analysis of testing outcomes, and participation in external quality assurance programs.

You may also mean one of these related questions:
1. How do blood centers monitor and evaluate the effectiveness of their screening programs?
2. How can appointment scheduling systems integrate with other blood center operations, such as inventory management and donor recruitment?
3. How do blood centers address concerns related to donor anxiety or discomfort during the donation process?
"
How can regular blood donations benefit overall health?,How can appointment reminders be utilized to promote awareness of the importance of regular blood donation?,0.8492556810379028,Moderate,Answer with Top-3 Suggestions,"I found a related answer that may help:

Appointment reminders can be utilized to promote awareness of the importance of regular blood donation by including educational content or messages about the impact of blood donation on patients in need. By highlighting the significance of their contributions, reminders motivate donors to continue their regular donation schedule.

You may also mean one of these related questions:
1. How can appointment reminders be utilized to promote awareness of the importance of regular blood donation?
2. What role does regular exercise play in maintaining healthy blood levels for donation?
3. How can individuals benefit from regular exercise to improve blood quality for donation?
"
How can blood donation impact cholesterol levels?,How can donating blood impact individuals with high cholesterol?,0.8424543738365173,Moderate,Answer with Top-3 Suggestions,"I found a related answer that may help:

Donating blood may help regulate lipid profiles, including cholesterol, by promoting the production of new blood cells. This process supports overall cardiovascular health.

You may also mean one of these related questions:
1. How can donating blood impact individuals with high cholesterol?
2. How can individuals maintain healthy hemoglobin levels for blood donation?
3. How can individuals maintain healthy iron levels through diet for successful blood donation?
"
What strategies does the WHO suggest for donor recruitment and retention to maintain an adequate blood supply?,How does the WHO recommend ensuring donor eligibility for blood donation?,0.851954996585846,Moderate,Answer with Top-3 Suggestions,"I found a related answer that may help:

The WHO recommends ensuring donor eligibility through comprehensive screening procedures that assess factors such as age, health status, medical history, lifestyle behaviors, and risk factors for transmissible infections.

You may also mean one of these related questions:
1. How does the WHO recommend ensuring donor eligibility for blood donation?
2. How does the WHO recommend handling emergencies or adverse reactions during the blood donation process?
3. What strategies can blood donation organizations employ to engage with donors who have previously deferred or postponed donation due to temporary eligibility restrictions, such as travel or medical conditions, and encourage them to return to donating when eligible?
"
Question 46 What impact does the lack of public trust and confidence in blood transfusion services have on donor recruitment and retention?,Question 53 How can blood transfusion services effectively communicate the urgent need for blood donations during times of crisis or heightened demand?,0.8096818923950195,Moderate,Answer with Top-3 Suggestions,"I found a related answer that may help:

Utilizing targeted messaging, leveraging social media platforms, and highlighting real-time shortages or critical needs can create a sense of urgency, mobilize community support, and prompt immediate action, ensuring an adequate and timely response to emergency blood needs.

You may also mean one of these related questions:
1. Question 53 How can blood transfusion services effectively communicate the urgent need for blood donations during times of crisis or heightened demand?
2. How do blood transfusion services in Tanzania address the challenge of ensuring blood safety in the face of emerging infectious diseases and pandemics?
3. Question 41 How can the integration of blood donation services into existing healthcare infrastructure, such as clinics and hospitals, enhance accessibility and convenience for potential donors?
"
